<?xml version="1.0" encoding="UTF-8"?>
<root>
  <item name="com.google.android.material.bottomsheet.BottomSheetBehavior androidx.core.view.accessibility.AccessibilityViewCommand createAccessibilityViewCommandForState(int) 0">
    <annotation name="androidx.annotation.IntDef">
      <val name="value" val="{com.google.android.material.bottomsheet.BottomSheetBehavior.STATE_EXPANDED, com.google.android.material.bottomsheet.BottomSheetBehavior.STATE_COLLAPSED, com.google.android.material.bottomsheet.BottomSheetBehavior.STATE_DRAGGING, com.google.android.material.bottomsheet.BottomSheetBehavior.STATE_SETTLING, com.google.android.material.bottomsheet.BottomSheetBehavior.STATE_HIDDEN, com.google.android.material.bottomsheet.BottomSheetBehavior.STATE_HALF_EXPANDED}" />
    </annotation>
  </item>
  <item name="com.google.android.material.bottomsheet.BottomSheetBehavior int addAccessibilityActionForState(V, int, int) 2">
    <annotation name="androidx.annotation.IntDef">
      <val name="value" val="{com.google.android.material.bottomsheet.BottomSheetBehavior.STATE_EXPANDED, com.google.android.material.bottomsheet.BottomSheetBehavior.STATE_COLLAPSED, com.google.android.material.bottomsheet.BottomSheetBehavior.STATE_DRAGGING, com.google.android.material.bottomsheet.BottomSheetBehavior.STATE_SETTLING, com.google.android.material.bottomsheet.BottomSheetBehavior.STATE_HIDDEN, com.google.android.material.bottomsheet.BottomSheetBehavior.STATE_HALF_EXPANDED}" />
    </annotation>
  </item>
  <item name="com.google.android.material.bottomsheet.BottomSheetBehavior int getLastStableState()">
    <annotation name="androidx.annotation.IntDef">
      <val name="value" val="{com.google.android.material.bottomsheet.BottomSheetBehavior.STATE_EXPANDED, com.google.android.material.bottomsheet.BottomSheetBehavior.STATE_COLLAPSED, com.google.android.material.bottomsheet.BottomSheetBehavior.STATE_DRAGGING, com.google.android.material.bottomsheet.BottomSheetBehavior.STATE_SETTLING, com.google.android.material.bottomsheet.BottomSheetBehavior.STATE_HIDDEN, com.google.android.material.bottomsheet.BottomSheetBehavior.STATE_HALF_EXPANDED}" />
    </annotation>
  </item>
  <item name="com.google.android.material.bottomsheet.BottomSheetBehavior int getSaveFlags()">
    <annotation name="androidx.annotation.IntDef">
      <val name="flag" val="true" />
      <val name="value" val="{com.google.android.material.bottomsheet.BottomSheetBehavior.SAVE_PEEK_HEIGHT, com.google.android.material.bottomsheet.BottomSheetBehavior.SAVE_FIT_TO_CONTENTS, com.google.android.material.bottomsheet.BottomSheetBehavior.SAVE_HIDEABLE, com.google.android.material.bottomsheet.BottomSheetBehavior.SAVE_SKIP_COLLAPSED, com.google.android.material.bottomsheet.BottomSheetBehavior.SAVE_ALL, com.google.android.material.bottomsheet.BottomSheetBehavior.SAVE_NONE}" />
    </annotation>
  </item>
  <item name="com.google.android.material.bottomsheet.BottomSheetBehavior int getState()">
    <annotation name="androidx.annotation.IntDef">
      <val name="value" val="{com.google.android.material.bottomsheet.BottomSheetBehavior.STATE_EXPANDED, com.google.android.material.bottomsheet.BottomSheetBehavior.STATE_COLLAPSED, com.google.android.material.bottomsheet.BottomSheetBehavior.STATE_DRAGGING, com.google.android.material.bottomsheet.BottomSheetBehavior.STATE_SETTLING, com.google.android.material.bottomsheet.BottomSheetBehavior.STATE_HIDDEN, com.google.android.material.bottomsheet.BottomSheetBehavior.STATE_HALF_EXPANDED}" />
    </annotation>
  </item>
  <item name="com.google.android.material.bottomsheet.BottomSheetBehavior int getTopOffsetForState(int) 0">
    <annotation name="androidx.annotation.IntDef">
      <val name="value" val="{com.google.android.material.bottomsheet.BottomSheetBehavior.STATE_EXPANDED, com.google.android.material.bottomsheet.BottomSheetBehavior.STATE_COLLAPSED, com.google.android.material.bottomsheet.BottomSheetBehavior.STATE_HIDDEN, com.google.android.material.bottomsheet.BottomSheetBehavior.STATE_HALF_EXPANDED}" />
    </annotation>
  </item>
  <item name="com.google.android.material.bottomsheet.BottomSheetBehavior lastStableState">
    <annotation name="androidx.annotation.IntDef">
      <val name="value" val="{com.google.android.material.bottomsheet.BottomSheetBehavior.STATE_EXPANDED, com.google.android.material.bottomsheet.BottomSheetBehavior.STATE_COLLAPSED, com.google.android.material.bottomsheet.BottomSheetBehavior.STATE_DRAGGING, com.google.android.material.bottomsheet.BottomSheetBehavior.STATE_SETTLING, com.google.android.material.bottomsheet.BottomSheetBehavior.STATE_HIDDEN, com.google.android.material.bottomsheet.BottomSheetBehavior.STATE_HALF_EXPANDED}" />
    </annotation>
  </item>
  <item name="com.google.android.material.bottomsheet.BottomSheetBehavior saveFlags">
    <annotation name="androidx.annotation.IntDef">
      <val name="flag" val="true" />
      <val name="value" val="{com.google.android.material.bottomsheet.BottomSheetBehavior.SAVE_PEEK_HEIGHT, com.google.android.material.bottomsheet.BottomSheetBehavior.SAVE_FIT_TO_CONTENTS, com.google.android.material.bottomsheet.BottomSheetBehavior.SAVE_HIDEABLE, com.google.android.material.bottomsheet.BottomSheetBehavior.SAVE_SKIP_COLLAPSED, com.google.android.material.bottomsheet.BottomSheetBehavior.SAVE_ALL, com.google.android.material.bottomsheet.BottomSheetBehavior.SAVE_NONE}" />
    </annotation>
  </item>
  <item name="com.google.android.material.bottomsheet.BottomSheetBehavior state">
    <annotation name="androidx.annotation.IntDef">
      <val name="value" val="{com.google.android.material.bottomsheet.BottomSheetBehavior.STATE_EXPANDED, com.google.android.material.bottomsheet.BottomSheetBehavior.STATE_COLLAPSED, com.google.android.material.bottomsheet.BottomSheetBehavior.STATE_DRAGGING, com.google.android.material.bottomsheet.BottomSheetBehavior.STATE_SETTLING, com.google.android.material.bottomsheet.BottomSheetBehavior.STATE_HIDDEN, com.google.android.material.bottomsheet.BottomSheetBehavior.STATE_HALF_EXPANDED}" />
    </annotation>
  </item>
  <item name="com.google.android.material.bottomsheet.BottomSheetBehavior void replaceAccessibilityActionForState(V, androidx.core.view.accessibility.AccessibilityNodeInfoCompat.AccessibilityActionCompat, int) 2">
    <annotation name="androidx.annotation.IntDef">
      <val name="value" val="{com.google.android.material.bottomsheet.BottomSheetBehavior.STATE_EXPANDED, com.google.android.material.bottomsheet.BottomSheetBehavior.STATE_COLLAPSED, com.google.android.material.bottomsheet.BottomSheetBehavior.STATE_DRAGGING, com.google.android.material.bottomsheet.BottomSheetBehavior.STATE_SETTLING, com.google.android.material.bottomsheet.BottomSheetBehavior.STATE_HIDDEN, com.google.android.material.bottomsheet.BottomSheetBehavior.STATE_HALF_EXPANDED}" />
    </annotation>
  </item>
  <item name="com.google.android.material.bottomsheet.BottomSheetBehavior void setSaveFlags(int) 0">
    <annotation name="androidx.annotation.IntDef">
      <val name="flag" val="true" />
      <val name="value" val="{com.google.android.material.bottomsheet.BottomSheetBehavior.SAVE_PEEK_HEIGHT, com.google.android.material.bottomsheet.BottomSheetBehavior.SAVE_FIT_TO_CONTENTS, com.google.android.material.bottomsheet.BottomSheetBehavior.SAVE_HIDEABLE, com.google.android.material.bottomsheet.BottomSheetBehavior.SAVE_SKIP_COLLAPSED, com.google.android.material.bottomsheet.BottomSheetBehavior.SAVE_ALL, com.google.android.material.bottomsheet.BottomSheetBehavior.SAVE_NONE}" />
    </annotation>
  </item>
  <item name="com.google.android.material.bottomsheet.BottomSheetBehavior void setState(int) 0">
    <annotation name="androidx.annotation.IntDef">
      <val name="value" val="{com.google.android.material.bottomsheet.BottomSheetBehavior.STATE_EXPANDED, com.google.android.material.bottomsheet.BottomSheetBehavior.STATE_COLLAPSED, com.google.android.material.bottomsheet.BottomSheetBehavior.STATE_HIDDEN, com.google.android.material.bottomsheet.BottomSheetBehavior.STATE_HALF_EXPANDED}" />
    </annotation>
  </item>
  <item name="com.google.android.material.bottomsheet.BottomSheetBehavior void setStateInternal(int) 0">
    <annotation name="androidx.annotation.IntDef">
      <val name="value" val="{com.google.android.material.bottomsheet.BottomSheetBehavior.STATE_EXPANDED, com.google.android.material.bottomsheet.BottomSheetBehavior.STATE_COLLAPSED, com.google.android.material.bottomsheet.BottomSheetBehavior.STATE_DRAGGING, com.google.android.material.bottomsheet.BottomSheetBehavior.STATE_SETTLING, com.google.android.material.bottomsheet.BottomSheetBehavior.STATE_HIDDEN, com.google.android.material.bottomsheet.BottomSheetBehavior.STATE_HALF_EXPANDED}" />
    </annotation>
  </item>
  <item name="com.google.android.material.bottomsheet.BottomSheetBehavior void startSettling(android.view.View, int, boolean) 1">
    <annotation name="androidx.annotation.IntDef">
      <val name="value" val="{com.google.android.material.bottomsheet.BottomSheetBehavior.STATE_EXPANDED, com.google.android.material.bottomsheet.BottomSheetBehavior.STATE_COLLAPSED, com.google.android.material.bottomsheet.BottomSheetBehavior.STATE_HIDDEN, com.google.android.material.bottomsheet.BottomSheetBehavior.STATE_HALF_EXPANDED}" />
    </annotation>
  </item>
  <item name="com.google.android.material.bottomsheet.BottomSheetBehavior void updateDrawableForTargetState(int) 0">
    <annotation name="androidx.annotation.IntDef">
      <val name="value" val="{com.google.android.material.bottomsheet.BottomSheetBehavior.STATE_EXPANDED, com.google.android.material.bottomsheet.BottomSheetBehavior.STATE_COLLAPSED, com.google.android.material.bottomsheet.BottomSheetBehavior.STATE_DRAGGING, com.google.android.material.bottomsheet.BottomSheetBehavior.STATE_SETTLING, com.google.android.material.bottomsheet.BottomSheetBehavior.STATE_HIDDEN, com.google.android.material.bottomsheet.BottomSheetBehavior.STATE_HALF_EXPANDED}" />
    </annotation>
  </item>
  <item name="com.google.android.material.bottomsheet.BottomSheetBehavior.BottomSheetCallback void onStateChanged(android.view.View, int) 1">
    <annotation name="androidx.annotation.IntDef">
      <val name="value" val="{com.google.android.material.bottomsheet.BottomSheetBehavior.STATE_EXPANDED, com.google.android.material.bottomsheet.BottomSheetBehavior.STATE_COLLAPSED, com.google.android.material.bottomsheet.BottomSheetBehavior.STATE_DRAGGING, com.google.android.material.bottomsheet.BottomSheetBehavior.STATE_SETTLING, com.google.android.material.bottomsheet.BottomSheetBehavior.STATE_HIDDEN, com.google.android.material.bottomsheet.BottomSheetBehavior.STATE_HALF_EXPANDED}" />
    </annotation>
  </item>
  <item name="com.google.android.material.bottomsheet.BottomSheetBehavior.SaveFlags">
    <annotation name="androidx.annotation.IntDef">
      <val name="flag" val="true" />
      <val name="value" val="{com.google.android.material.bottomsheet.BottomSheetBehavior.SAVE_PEEK_HEIGHT, com.google.android.material.bottomsheet.BottomSheetBehavior.SAVE_FIT_TO_CONTENTS, com.google.android.material.bottomsheet.BottomSheetBehavior.SAVE_HIDEABLE, com.google.android.material.bottomsheet.BottomSheetBehavior.SAVE_SKIP_COLLAPSED, com.google.android.material.bottomsheet.BottomSheetBehavior.SAVE_ALL, com.google.android.material.bottomsheet.BottomSheetBehavior.SAVE_NONE}" />
    </annotation>
  </item>
  <item name="com.google.android.material.bottomsheet.BottomSheetBehavior.SavedState SavedState(android.os.Parcelable, int) 1">
    <annotation name="androidx.annotation.IntDef">
      <val name="value" val="{com.google.android.material.bottomsheet.BottomSheetBehavior.STATE_EXPANDED, com.google.android.material.bottomsheet.BottomSheetBehavior.STATE_COLLAPSED, com.google.android.material.bottomsheet.BottomSheetBehavior.STATE_DRAGGING, com.google.android.material.bottomsheet.BottomSheetBehavior.STATE_SETTLING, com.google.android.material.bottomsheet.BottomSheetBehavior.STATE_HIDDEN, com.google.android.material.bottomsheet.BottomSheetBehavior.STATE_HALF_EXPANDED}" />
    </annotation>
  </item>
  <item name="com.google.android.material.bottomsheet.BottomSheetBehavior.SavedState state">
    <annotation name="androidx.annotation.IntDef">
      <val name="value" val="{com.google.android.material.bottomsheet.BottomSheetBehavior.STATE_EXPANDED, com.google.android.material.bottomsheet.BottomSheetBehavior.STATE_COLLAPSED, com.google.android.material.bottomsheet.BottomSheetBehavior.STATE_DRAGGING, com.google.android.material.bottomsheet.BottomSheetBehavior.STATE_SETTLING, com.google.android.material.bottomsheet.BottomSheetBehavior.STATE_HIDDEN, com.google.android.material.bottomsheet.BottomSheetBehavior.STATE_HALF_EXPANDED}" />
    </annotation>
  </item>
  <item name="com.google.android.material.bottomsheet.BottomSheetBehavior.StableState">
    <annotation name="androidx.annotation.IntDef">
      <val name="value" val="{com.google.android.material.bottomsheet.BottomSheetBehavior.STATE_EXPANDED, com.google.android.material.bottomsheet.BottomSheetBehavior.STATE_COLLAPSED, com.google.android.material.bottomsheet.BottomSheetBehavior.STATE_HIDDEN, com.google.android.material.bottomsheet.BottomSheetBehavior.STATE_HALF_EXPANDED}" />
    </annotation>
  </item>
  <item name="com.google.android.material.bottomsheet.BottomSheetBehavior.State">
    <annotation name="androidx.annotation.IntDef">
      <val name="value" val="{com.google.android.material.bottomsheet.BottomSheetBehavior.STATE_EXPANDED, com.google.android.material.bottomsheet.BottomSheetBehavior.STATE_COLLAPSED, com.google.android.material.bottomsheet.BottomSheetBehavior.STATE_DRAGGING, com.google.android.material.bottomsheet.BottomSheetBehavior.STATE_SETTLING, com.google.android.material.bottomsheet.BottomSheetBehavior.STATE_HIDDEN, com.google.android.material.bottomsheet.BottomSheetBehavior.STATE_HALF_EXPANDED}" />
    </annotation>
  </item>
  <item name="com.google.android.material.bottomsheet.BottomSheetBehavior.StateSettlingTracker targetState">
    <annotation name="androidx.annotation.IntDef">
      <val name="value" val="{com.google.android.material.bottomsheet.BottomSheetBehavior.STATE_EXPANDED, com.google.android.material.bottomsheet.BottomSheetBehavior.STATE_COLLAPSED, com.google.android.material.bottomsheet.BottomSheetBehavior.STATE_DRAGGING, com.google.android.material.bottomsheet.BottomSheetBehavior.STATE_SETTLING, com.google.android.material.bottomsheet.BottomSheetBehavior.STATE_HIDDEN, com.google.android.material.bottomsheet.BottomSheetBehavior.STATE_HALF_EXPANDED}" />
    </annotation>
  </item>
  <item name="com.google.android.material.bottomsheet.BottomSheetBehavior.StateSettlingTracker void continueSettlingToState(int) 0">
    <annotation name="androidx.annotation.IntDef">
      <val name="value" val="{com.google.android.material.bottomsheet.BottomSheetBehavior.STATE_EXPANDED, com.google.android.material.bottomsheet.BottomSheetBehavior.STATE_COLLAPSED, com.google.android.material.bottomsheet.BottomSheetBehavior.STATE_DRAGGING, com.google.android.material.bottomsheet.BottomSheetBehavior.STATE_SETTLING, com.google.android.material.bottomsheet.BottomSheetBehavior.STATE_HIDDEN, com.google.android.material.bottomsheet.BottomSheetBehavior.STATE_HALF_EXPANDED}" />
    </annotation>
  </item>
  <item name="com.google.android.material.bottomsheet.BottomSheetDragHandleView void onBottomSheetStateChanged(int) 0">
    <annotation name="androidx.annotation.IntDef">
      <val name="value" val="{com.google.android.material.bottomsheet.BottomSheetBehavior.STATE_EXPANDED, com.google.android.material.bottomsheet.BottomSheetBehavior.STATE_COLLAPSED, com.google.android.material.bottomsheet.BottomSheetBehavior.STATE_DRAGGING, com.google.android.material.bottomsheet.BottomSheetBehavior.STATE_SETTLING, com.google.android.material.bottomsheet.BottomSheetBehavior.STATE_HIDDEN, com.google.android.material.bottomsheet.BottomSheetBehavior.STATE_HALF_EXPANDED}" />
    </annotation>
  </item>
</root>

